title,launch_date,description,cc,type,curated,hackaton,category
Buttrfly,2022-10-17T02:39:00.000+01:00,You own your data. The social media you deserve.,undefined,Application,true,undefined,Social Media â¤ï¸â€ğŸ”¥
DeShare,undefined,"A Decentralised Content sharing with web2 like experience, and Smart contract based Incentive",undefined,Hackaton,false,ETHIndia2022,Social Media â¤ï¸â€ğŸ”¥
Fanstastic,2022-10-17T02:39:00.000+01:00,Share your social media profiles,undefined,Application,true,undefined,Social Media â¤ï¸â€ğŸ”¥
Gummys,2022-10-17T02:39:00.000+01:00,undefined,undefined,Application,false,undefined,Social Media â¤ï¸â€ğŸ”¥
Hacklens,2022-10-17T02:39:00.000+01:00,"A decentralised social network that allows hackathon organizers, builders & sponsors to form lasting creative relationships and support each other",undefined,Hackaton,false,ETHAMSTERDAM,Social Media â¤ï¸â€ğŸ”¥
Iris,2022-10-17T02:39:00.000+01:00,The future of decentralized social,undefined,Integration,false,undefined,Social Media â¤ï¸â€ğŸ”¥
LensMaxi,undefined,Maximizing content impact,undefined,Hackaton,false,ETHIndia2022,Social Media â¤ï¸â€ğŸ”¥
LensNote,2022-10-17T02:39:00.000+01:00,"Personal and Public notes creation, sharing, and monetization using Lens Protocol",undefined,Hackaton,false,ETHOnline2022,Social Media â¤ï¸â€ğŸ”¥
Lenster,2022-10-17T02:39:00.000+01:00,"Lenster is a composable, decentralized, and permissionless social media web app built with Lens Protocol ğŸŒ¿",undefined,Hackaton,true,LFGROW,Social Media â¤ï¸â€ğŸ”¥
LensTok,undefined,Decentralized Short form video content creation platform with a composable and decentralized social graph.,undefined,Hackaton,false,ETHIndia2022,Social Media â¤ï¸â€ğŸ”¥
Lenstube,2022-10-17T02:39:00.000+01:00,Lenstube is a decentralized video-sharing social media platform built with Lens protocol.,undefined,Hackaton,true,LFGROW,Social Media â¤ï¸â€ğŸ”¥
Memester,2022-10-17T02:39:00.000+01:00,The NFT Meme Platform. Create memes and turn them into NFTs. Participate in meme competitions and win prizes.,undefined,Application,true,undefined,Social Media â¤ï¸â€ğŸ”¥
Onboard,2022-10-17T02:39:00.000+01:00,You own your data. The social media you deserve.,undefined,Application,true,undefined,Social Media â¤ï¸â€ğŸ”¥
OpenQ VidQ'S,2022-10-17T02:39:00.000+01:00,Bite-sized decentralized coding tutorial videos (that solve actual GitHub issues),undefined,Hackaton,false,ETHBerlin2022,Social Media â¤ï¸â€ğŸ”¥
Orb,2022-10-17T02:39:00.000+01:00,"Decentralized professional social media app with an end-to-end on-chain credibility system; connecting companies, projects, and people; built with Lens protocol on Polygon chain.",undefined,Application,true,undefined,Social Media â¤ï¸â€ğŸ”¥
Phaver,2022-10-17T02:39:00.000+01:00,Help us curate interesting stuff online and offline and get rewarded.,undefined,Application,true,undefined,Social Media â¤ï¸â€ğŸ”¥
re:meme,2022-10-17T02:39:00.000+01:00,"On-chain meme generator, built on top of Lens Protocol",undefined,Application,true,undefined,Social Media â¤ï¸â€ğŸ”¥
Share,2022-10-17T02:39:00.000+01:00,"Publish, Read, Connect and Collect the Best Writings of Your Favorite Authors",undefined,Application,true,undefined,Social Media â¤ï¸â€ğŸ”¥
SiC,2022-10-17T02:39:00.000+01:00,Tokenized and memetic content sharing and interests network/graph,undefined,Hackaton,false,ETHBerlin2022,Social Media â¤ï¸â€ğŸ”¥
SoundIt,2022-10-17T02:39:00.000+01:00,undefined,undefined,Application,false,undefined,Social Media â¤ï¸â€ğŸ”¥
Starlens,2022-10-17T02:39:00.000+01:00,"Plataforma creada sobre Lens protocol en donde los usuarios pueden dar y recibir reviews sobre infinitas temÃ¡ticas. En base a eso se construye una reputaciÃ³n segura, confiable y descentralizada del perfil en la web3.",undefined,Hackaton,false,BearBuilders0922,Social Media â¤ï¸â€ğŸ”¥
Superclub,2022-10-17T02:39:00.000+01:00,"Join Web3 communities to learn about the latest news, updates, events, projects, brands, and applications.",undefined,Application,false,undefined,Social Media â¤ï¸â€ğŸ”¥
Superfun,2022-10-17T02:39:00.000+01:00,A social app for Meme artists to get rewarded for their super fun content.,undefined,Application,false,undefined,Social Media â¤ï¸â€ğŸ”¥
theDial,undefined,A social canvas where prompts become craft,undefined,Application,true,undefined,Social Media â¤ï¸â€ğŸ”¥
YUP,2022-10-19T16:30:00.000+01:00,Web3 Social Network,undefined,Application,true,undefined,Social Media â¤ï¸â€ğŸ”¥
Zilly,2022-10-17T02:39:00.000+01:00,undefined,undefined,Application,false,undefined,Social Media â¤ï¸â€ğŸ”¥
LensPort ,2022-10-17T02:39:00.000+01:00,"Discover, collect, and sell posts. Invest in creators you support.",undefined,Application,true,undefined,Curation ğŸ§¹
Lensta,2022-10-17T02:39:00.000+01:00,Feed of the most recent images posted on Lens Protocol ,undefined,Application,true,undefined,Curation ğŸ§¹
LensTags,2022-10-17T02:39:00.000+01:00,"LensTags is a Web3 Social Graph focused on collective-knowledge, content discovery and personal organization using Tags.",undefined,Hackaton,false,BearBuilders0922,Curation ğŸ§¹
Chainjet,2022-10-28T09:04:00.000+01:00,"Build web3automation,easily.",undefined,Application,true,undefined,Tools ğŸ› 
Coconnect,2022-10-17T02:39:00.000+01:00,"We help brands save time when launching marketing campaigns with content creators. Thanks to Lens, they can search for specific influencers and contact them quickly in one step.",undefined,Hackaton,false,ETHBogota2022,Tools ğŸ› 
Crypster,undefined,"Cryptster is a decentralized, and permissionless crowdfunding app built with Lens Protocol ğŸŒ¿.",undefined,Hackaton,false,ETHIndia2022,Tools ğŸ› 
Embed,2022-10-17T02:39:00.000+01:00,Easily embed Lens post anywhere,undefined,Application,true,undefined,Tools ğŸ› 
EOLAS,2022-10-17T02:39:00.000+01:00,"We help brands save time when launching marketing campaigns with content creators. Thanks to Lens, they can search for specific influencers and contact them quickly in one step & a python lib.",undefined,Hackaton,false,OxfordHack2022,Tools ğŸ› 
Focalize,2022-10-17T02:39:00.000+01:00,Browser extension that allows you to quickly share to Lens Protocol.,undefined,Hackaton,false,ETHOnline2022,Tools ğŸ› 
Freelansers,2022-10-17T02:39:00.000+01:00,Freelance in Web3 done the safest way. Find work opportunities through the Lens social media platform. Safe and secure for both parties.,undefined,Hackaton,false,ETHBogota2022,Tools ğŸ› 
Garden,2022-10-17T02:39:00.000+01:00,Links only your Lens followers can access,undefined,Application,true,undefined,Tools ğŸ› 
Gigspace,2022-10-27T16:20:00.000+01:00,Web3 professional network,undefined,Hackaton,false,EasyA2022,Tools ğŸ› 
Greenhouse,2022-10-17T02:39:00.000+01:00,Grow and spread your web3 roots,undefined,Application,true,undefined,Tools ğŸ› 
InLens,2022-10-17T02:39:00.000+01:00,Find your friends from Twitter in Lens Protocol. Create shareable lists.,undefined,Application,true,undefined,Tools ğŸ› 
Lens Lists,2022-10-17T02:39:00.000+01:00,Find your friends from Twitter in Lens Protocol. Create shareable lists.,undefined,Application,true,undefined,Tools ğŸ› 
Lens Share,2022-10-17T02:39:00.000+01:00,Replicate your Tweets into Lens,undefined,Application,true,undefined,Tools ğŸ› 
Lens Telegram Bot,2022-10-17T02:39:00.000+01:00,A Lens protocol bot notifications for Telegram,undefined,Bot,true,undefined,Tools ğŸ› 
LensAlert,2022-10-17T02:39:00.000+01:00,Lens notifications in Telegram,undefined,Bot,true,undefined,Tools ğŸ› 
Lenscast,2022-10-17T02:39:00.000+01:00,Web3 Social Raycast Extension built with Lens Protocol,undefined,Application,true,undefined,Tools ğŸ› 
LensDrop,2022-10-17T02:39:00.000+01:00,Reward your Lens Protocol followers and fans with airdrops and special prizes.,undefined,Application,true,undefined,Tools ğŸ› 
Lensted,undefined,A lens protocol indexer with other features. specifically made to make search engines find lens content. login not yet available coming a bit later.,undefined,Application,false,undefined,Tools ğŸ› 
Postter,2022-10-28T09:04:00.000+01:00,Schedule posts on Lens,undefined,Application,true,undefined,Tools ğŸ› 
Reflect,2022-10-17T02:39:00.000+01:00,Reflect automatically cross-posts everything you share on Lens to Twitter. ,undefined,Application,true,undefined,Tools ğŸ› 
Superstick,2022-10-17T02:39:00.000+01:00,"We are bringing Crypto to the masses, by allowing creators to turn their content into crypto",undefined,Hackaton,false,ETHMexico2022,Tools ğŸ› 
TeaParty,2022-10-17T02:39:00.000+01:00,"TeaParty empower creators to reach a larger audience and boost discoverability, while rewarding people for engaging with meaningful content",undefined,Application,false,undefined,Tools ğŸ› 
Bello,2022-10-17T02:39:00.000+01:00,Creator's insights for Lens Protocol,undefined,Integration,true,undefined,Analytics ğŸ“Š
Dune & Lens Dashboard,2022-10-17T02:39:00.000+01:00,"Dashboard uniting Lens data from the API with Dune data, expanding upon existing visualizations available on Dune with Machine Learning for interesting results",undefined,Hackaton,false,ETHBerlin2022,Analytics ğŸ“Š
Ecosystem Analysis,undefined,Lens Protocol Ecosystem Analysis,undefined,Dashboard,true,undefined,Analytics ğŸ“Š
Leaderbord WithLens,2022-10-17T02:39:00.000+01:00,Leaderboard of everything lens,undefined,Application,true,undefined,Analytics ğŸ“Š
Lens Analytics,2022-10-17T02:39:00.000+01:00,The most followed Lens accounts on Lenster,undefined,Application,true,undefined,Analytics ğŸ“Š
Lens API Stats,undefined,Info about relays ,undefined,Dashboard,true,undefined,Analytics ğŸ“Š
Lens App Stats,undefined,Lens application stats,undefined,Application,true,undefined,Analytics ğŸ“Š
Lens Dune by NiftyTable,2022-10-17T02:39:00.000+01:00,Dune analytics Lens dashboard by oxCofi,undefined,Dashboard,true,undefined,Analytics ğŸ“Š
Lens Protocol Dune by rustamov,2022-10-19T18:01:00.000+01:00,Lens Protocol Overview,undefined,Dashboard,true,undefined,Analytics ğŸ“Š
Lens Revenues Dune by zoma,2022-10-17T02:39:00.000+01:00,A Dune dashboard with the revenue by Lens user,undefined,Dashboard,true,undefined,Analytics ğŸ“Š
Lens Stats,2022-10-17T02:39:00.000+01:00,Find stats about your community and organize giveaways,undefined,Dashboard,false,undefined,Analytics ğŸ“Š
Lenster Dune by gm365,2022-10-17T02:39:00.000+01:00,Lens and Lenster dashboard in Lens,undefined,Dashboard,true,undefined,Analytics ğŸ“Š
Merlin,2022-10-17T02:39:00.000+01:00,undefined,undefined,Application,false,undefined,Analytics ğŸ“Š
Stats Lens,2022-10-17T02:39:00.000+01:00,"Official lens stats dashboard about posts, collects, accounts, etc.",undefined,Application,true,undefined,Analytics ğŸ“Š
Token Terminal,2022-10-17T02:39:00.000+01:00,Lens protocol charts,undefined,Integration,true,undefined,Analytics ğŸ“Š
Aave Fee CollectModule,2022-10-17T02:39:00.000+01:00,Extend the LimitedFeeCollectModule to deposit all received fees into the Aave Polygon Market (if applicable for the asset) and send the resulting aTokens to the beneficiary.,undefined,Module,true,undefined,Developers ğŸ‘¨ğŸ¼â€ğŸ’»
API Examples,2022-10-17T02:39:00.000+01:00,API Examples Repo,undefined,Library,true,undefined,Developers ğŸ‘¨ğŸ¼â€ğŸ’»
Arweave,2022-10-17T02:39:00.000+01:00,undefined,undefined,Partner,true,undefined,Developers ğŸ‘¨ğŸ¼â€ğŸ’»
Auction CollectModule,2022-10-17T02:39:00.000+01:00,"This module works by creating an English auction for the underlying publication. After the auction ends, only the auction winner is allowed to collect the publication.",undefined,Module,true,undefined,Developers ğŸ‘¨ğŸ¼â€ğŸ’»
DecentSDK,2022-10-17T02:39:00.000+01:00,Protocol SDK that allows minting and claiming NFTâ€™s cross-chain. Integrated with Lens.,undefined,Library,true,undefined,Developers ğŸ‘¨ğŸ¼â€ğŸ’»
Degrees Of Seperation Module,2022-10-17T02:39:00.000+01:00,"This reference module allows to set a degree of separationÂ n, and then allows to comment/mirror only to profiles that are at most atÂ n
Â degrees of separation from the author of the root publication.",undefined,Module,true,undefined,Developers ğŸ‘¨ğŸ¼â€ğŸ’»
IPFS,2022-10-17T02:39:00.000+01:00,undefined,undefined,Partner,true,undefined,Developers ğŸ‘¨ğŸ¼â€ğŸ’»
Lens Collect Auctions,2022-10-17T02:39:00.000+01:00,Run Dutch (decreasing) & English (increasing bids) auctions for collecting Lens posts,undefined,Hackaton,false,LFGROW,Developers ğŸ‘¨ğŸ¼â€ğŸ’»
Lens Kit,2022-10-17T02:39:00.000+01:00,Community build Lens Protocol UI React KIT,undefined,Library,true,undefined,Developers ğŸ‘¨ğŸ¼â€ğŸ’»
Lens Subgraph with EPNS,2022-10-17T02:39:00.000+01:00,Basic subgraph with EPNS on Lens protocol. Handle emitted events and read IPFS data to store it on graph level.,undefined,Hackaton,false,ETHNEWYORK 2022,Developers ğŸ‘¨ğŸ¼â€ğŸ’»
lens-use,undefined,React Hooks for Lens Protocol,undefined,Library,true,undefined,Developers ğŸ‘¨ğŸ¼â€ğŸ’»
Lens.js,2022-10-17T02:39:00.000+01:00,Community made JavaScript SDK for Lens Protocol,undefined,Library,true,undefined,Developers ğŸ‘¨ğŸ¼â€ğŸ’»
LensRaffle,2022-10-17T02:39:00.000+01:00,Giveaway module for the lens protocol. Easily give some matic to a truly random follower of a profile. Use it for any dapp built on lens.,undefined,Hackaton,false,LFGROW,Developers ğŸ‘¨ğŸ¼â€ğŸ’»
LensSDK,2022-10-17T02:39:00.000+01:00,The official SDK to interact with the Lens Protocol,undefined,Library,true,undefined,Developers ğŸ‘¨ğŸ¼â€ğŸ’»
Lensterdam,2022-10-17T02:39:00.000+01:00,"Engaging push notifications for The Lens Protocol with EPNS, TheGraph and POAP",undefined,Hackaton,false,ETHAMSTERDAM,Developers ğŸ‘¨ğŸ¼â€ğŸ’»
LensThirdWebSDK,2022-10-17T02:39:00.000+01:00,This package enables gated encrypting and decrypting publication metadata compatible with the Lens API.,undefined,Library,true,undefined,Developers ğŸ‘¨ğŸ¼â€ğŸ’»
Lenstify,2022-10-17T02:39:00.000+01:00,Lenstify is a front-end for Lens with a great interface and many features.,undefined,Hackaton,false,LFGROW,Developers ğŸ‘¨ğŸ¼â€ğŸ’»
lensurance,2022-10-17T02:39:00.000+01:00,collect module for lens protocol which only allows a single collect per person.,undefined,Hackaton,false,ETHNEWYORK 2022,Developers ğŸ‘¨ğŸ¼â€ğŸ’»
Libertapp,2022-10-17T02:39:00.000+01:00,Censorship-resistant DApp Client,undefined,Hackaton,false,ETHBerlin2022,Developers ğŸ‘¨ğŸ¼â€ğŸ’»
ListsAPI,2022-10-17T02:39:00.000+01:00,"Draft specification for managing lists on Lens Protocol. Beware of possible breaking changes.
Authorize",undefined,Library,true,undefined,Developers ğŸ‘¨ğŸ¼â€ğŸ’»
LitProtocol,2022-10-17T02:39:00.000+01:00,undefined,undefined,Partner,true,undefined,Developers ğŸ‘¨ğŸ¼â€ğŸ’»
Monemetrics,2022-10-17T02:39:00.000+01:00,undefined,undefined,Application,false,undefined,Developers ğŸ‘¨ğŸ¼â€ğŸ’»
Overlens,2022-10-17T02:39:00.000+01:00,Personal lens dispatcher with relay and allow list off-chain,undefined,Hackaton,false,LFGROW,Developers ğŸ‘¨ğŸ¼â€ğŸ’»
Poll Module,undefined,"Simple Lens Protocol module to create polls. At the moment the module is completely experimental in order to test the feasibility.

Resources",undefined,Module,false,undefined,Developers ğŸ‘¨ğŸ¼â€ğŸ’»
React Native Lens UI Kit,2022-10-17T02:39:00.000+01:00,A React Native UI kit for Lens Protocol. Get started building with as little as 2 lines of code. Mix and match components to supercharge your mobile development workflow.,undefined,Library,true,undefined,Developers ğŸ‘¨ğŸ¼â€ğŸ’»
Scaffold Lens,2022-10-17T22:22:00.000+01:00,Scaffold ETH starter kit for Lens Protocol,undefined,Library,true,undefined,Developers ğŸ‘¨ğŸ¼â€ğŸ’»
sdk-gated,2022-10-17T02:39:00.000+01:00,This package enables gated encrypting and decrypting publication metadata compatible with the Lens API.,undefined,Library,true,undefined,Developers ğŸ‘¨ğŸ¼â€ğŸ’»
Sepana,2022-10-17T02:39:00.000+01:00,Search layer for Lens posts,undefined,Hackaton,true,LFGROW,Developers ğŸ‘¨ğŸ¼â€ğŸ’»
Share on Lens,2022-10-17T02:39:00.000+01:00,"A customizable, React button component for sharing toÂ ",undefined,Library,true,undefined,Developers ğŸ‘¨ğŸ¼â€ğŸ’»
Subgraph,2022-10-17T02:39:00.000+01:00,The Graph Subgraph for Lens Protocols,undefined,Library,false,undefined,Developers ğŸ‘¨ğŸ¼â€ğŸ’»
Thirdweb Starter Kit,undefined,Build a simple application using thirdweb and Lens!,undefined,Resource,false,undefined,Developers ğŸ‘¨ğŸ¼â€ğŸ’»
Token Gated Post,undefined,undefined,undefined,Library,false,undefined,Developers ğŸ‘¨ğŸ¼â€ğŸ’»
Token Gated ReferenceModule,2022-10-17T02:39:00.000+01:00,A reference module that validates that the user who tries to reference has a required minimum balance of ERC20/ERC721 token.,undefined,Module,true,undefined,Developers ğŸ‘¨ğŸ¼â€ğŸ’»
Token List,2022-10-17T02:39:00.000+01:00,Whitelisted tokens for Modules,undefined,Library,true,undefined,Developers ğŸ‘¨ğŸ¼â€ğŸ’»
UpdatableOwnable Fee CollectModule,2022-10-17T02:39:00.000+01:00,"A fee collect module that, for each publication that uses it, mints an ERC-721 ownership-NFT to its author. Whoever owns the ownership-NFT has the rights to update the parameters required to do a successful collect operation over its underlying publication.",undefined,Module,true,undefined,Developers ğŸ‘¨ğŸ¼â€ğŸ’»
Use lens,2022-10-21T17:07:00.000+01:00,React Hooks for Lens Protocol,undefined,Library,true,undefined,Developers ğŸ‘¨ğŸ¼â€ğŸ’»
WhoIsInLensAPI,2022-10-17T02:39:00.000+01:00,Find your friends from Twitter in Lens Protocol,undefined,Library,true,undefined,Developers ğŸ‘¨ğŸ¼â€ğŸ’»
World ID Lens,2022-10-17T02:39:00.000+01:00,undefined,undefined,Library,false,undefined,Developers ğŸ‘¨ğŸ¼â€ğŸ’»
XMTP,2022-10-17T02:39:00.000+01:00,Chat protocol,undefined,Partner,true,undefined,Developers ğŸ‘¨ğŸ¼â€ğŸ’»
Alchemy,2022-10-17T02:39:00.000+01:00,undefined,undefined,Partner,true,undefined,Identity ğŸ­
Eden Protocol,2022-10-17T02:39:00.000+01:00,Web3 talent match protocol by developer dao,undefined,Application,true,undefined,Identity ğŸ­
ENS,2022-10-17T02:39:00.000+01:00,Ethereum domain name system,undefined,Partner,true,undefined,Identity ğŸ­
Gelato,undefined,undefined,undefined,Partner,true,undefined,Identity ğŸ­
Lens Human,2022-10-17T02:39:00.000+01:00,Simple curated page for your lens profiles.,undefined,Application,true,undefined,Identity ğŸ­
lens-profile,2022-10-17T02:39:00.000+01:00,Take ownership of You with a Web3 Decentralized Identity on Lens Profile,undefined,Hackaton,false,LFGROW,Identity ğŸ­
Lensfrens,2022-10-17T02:39:00.000+01:00,Simple curated page for your lens profiles.,undefined,Application,true,undefined,Identity ğŸ­
Livepeer,2022-10-17T02:39:00.000+01:00,undefined,undefined,Partner,true,undefined,Identity ğŸ­
MyDome,2022-10-17T02:39:00.000+01:00,Your web3 identity In one link.,undefined,Application,true,undefined,Identity ğŸ­
Nimi,2022-10-17T02:39:00.000+01:00,Your web3 profile page.,undefined,Application,true,undefined,Identity ğŸ­
POAP,2022-10-17T02:39:00.000+01:00,undefined,undefined,Partner,true,undefined,Identity ğŸ­
PoH,2022-10-17T02:39:00.000+01:00,undefined,undefined,Partner,true,undefined,Identity ğŸ­
Polygon,2022-10-17T02:39:00.000+01:00,undefined,undefined,Partner,true,undefined,Identity ğŸ­
Push,2022-10-17T02:39:00.000+01:00,undefined,undefined,Partner,true,undefined,Identity ğŸ­
Sismo,2022-10-17T02:39:00.000+01:00,The key primitive for web3 identities,undefined,Application,true,undefined,Identity ğŸ­
Sybil.org,2022-10-17T02:39:00.000+01:00,undefined,undefined,Partner,true,undefined,Identity ğŸ­
Talently,2022-10-17T02:39:00.000+01:00,Showcase your web3 profile,undefined,Application,true,undefined,Identity ğŸ­
Toucan,2022-10-17T02:39:00.000+01:00,undefined,undefined,Partner,true,undefined,Identity ğŸ­
Verify Me!,2022-10-17T02:39:00.000+01:00,VerifyMe! democratizes the verification check mark on social media via POAPâ€™s on Lens,undefined,Hackaton,false,ETHBogota2022,Identity ğŸ­
WorldCoin,2022-10-17T02:39:00.000+01:00,undefined,undefined,Partner,true,undefined,Identity ğŸ­
Amnisiac,2022-10-17T02:39:00.000+01:00,A decentralized music app built on lens protocol,undefined,Application,true,undefined,Music ğŸ¶
Beats.xyz,2022-10-17T02:39:00.000+01:00,Building infrastructure to enable unique musical experiences that connect artist with their true fans,undefined,Application,true,undefined,Music ğŸ¶
ClubSpace,2022-10-18T14:39:00.000+01:00,ClubSpace is a live listening party for creators to share their curated music NFTs with their Lens frens,undefined,Hackaton,true,ETHBogota2022,Music ğŸ¶
Decent,2022-10-17T02:39:00.000+01:00,Enable creators and developers to own and monetize the work they produce via web3 applications that leverage NFTs as more than just digital collectibles.,undefined,Application,true,undefined,Music ğŸ¶
Lyrical World,2022-10-17T02:39:00.000+01:00,Lyrical is a way to visualize song moments. Musicians have presets for their songs which can be remixed.,undefined,Application,true,undefined,Music ğŸ¶
Ooh la la,2022-10-17T22:40:00.000+01:00,Music & Podcast NFT player (feeds Lens content),undefined,Application,true,undefined,Music ğŸ¶
Spinamp,2022-10-17T02:39:00.000+01:00,"Explore, curate, share and listen to the growing public library of web3 artists and minted music collections.",undefined,Application,true,undefined,Music ğŸ¶
StemsDAO,2022-10-17T02:39:00.000+01:00,"Stems encourages more music production, properly rewards music creators, and brings fans closer than ever to their favorite artists",undefined,Application,true,undefined,Music ğŸ¶
Summit C,2022-10-17T02:39:00.000+01:00,"Using Lens Protocol to create a web3 social media platform for event creators, video streamers, and summit attendees",undefined,Hackaton,false,LFGROW,Events ğŸ«
Ticklens,undefined,An awesome JavaScript SDK to create your ticket platform over Lens protocol,undefined,Library,true,undefined,Events ğŸ«
Web3Event,undefined,"Create, distribute and monitor tickets for events with Web3Event's Ticketing Platform",undefined,Application,true,undefined,Events ğŸ«
Welook,2022-10-17T02:39:00.000+01:00,"Create your own POAPs, and share them with the world. Discover new wallets and POAPs.",undefined,Application,true,undefined,Events ğŸ«
CheckyBoty,2022-10-17T02:39:00.000+01:00,"Leveraging LENS functionality to mint user interaction and device points , a social medium can decide to flag a user as bot and not allow access to its resources",undefined,Hackaton,false,OxfordHack2022,Algorithms ğŸ§®
Cultivator,2022-10-17T02:39:00.000+01:00,Visual Explorer of the Lens Protocol Social Graph,undefined,Application,true,undefined,Algorithms ğŸ§®
Lenseye,2022-10-17T02:39:00.000+01:00,Using GNNs to do link prediction on the lens social graph.,undefined,Hackaton,false,OxfordHack2022,Algorithms ğŸ§®
LensScore,2022-10-17T02:39:00.000+01:00,LensScore is a protocol to calculate users' score based on metrics from Lens profiles and provide it to all EVM-compatible chains using RedStone Oracle.,undefined,Hackaton,false,undefined,Algorithms ğŸ§®
MashMesh,2022-10-17T02:39:00.000+01:00,"Explore all the information about your social graph through a dynamic mesh. Get info about all NFTâ€™s, POAPâ€™s, Tokens, Votes, Events, Follows and collects.",undefined,Application,true,ETHBogota2022,Algorithms ğŸ§®
Meetvers,2022-10-17T02:39:00.000+01:00,Find lens friends with similar Web3 footprint,undefined,Application,true,undefined,Algorithms ğŸ§®
RAP - Reputation Attendance,2022-10-17T02:39:00.000+01:00,reputation-based entry for crypto events,undefined,Hackaton,false,ETHBerlin2022,Algorithms ğŸ§®
DAOscourse,2022-10-17T02:39:00.000+01:00,undefined,undefined,Application,false,undefined,DAO Tools ğŸ—³
Jokedao,2022-10-17T04:02:00.000+01:00,"Bottom-up, on-chain governance.
for user-generated roadmaps, grants, endorsements, bounties, curation, and community-driven decisionsâ€”including joke contests.",undefined,Application,true,undefined,DAO Tools ğŸ—³
Kleros,2022-10-17T02:39:00.000+01:00,undefined,undefined,Partner,true,undefined,DAO Tools ğŸ—³
Lens DAOscourse,2022-10-17T02:39:00.000+01:00,We have built a DAO governance platform (Discourse-like) on top of the Lens protocol.,undefined,Hackaton,false,LFGROW,DAO Tools ğŸ—³
LensDAO,2022-10-17T02:39:00.000+01:00,Lens DAO is a smart contract for building DAOs whose governance token is a FollowNFT from Lens Protocol,undefined,Hackaton,false,DAOHacks2022,DAO Tools ğŸ—³
LensParty,undefined,"LensParty, community profiles now on Lens Protocol!",undefined,Hackaton,false,ETHIndia2022,DAO Tools ğŸ—³
Snapshot,2022-10-17T02:39:00.000+01:00,Voting polls,undefined,Partner,true,undefined,DAO Tools ğŸ—³
Alps Finance,2022-10-17T02:39:00.000+01:00,Alps Finance is a Social DeFi investing platform for DeFi investors to build their own investing community and reputation easily. ,undefined,Application,false,undefined,Other
AlwaysOnline,2022-10-17T02:39:00.000+01:00,undefined,undefined,Application,false,undefined,Other
AMHO Atelier,2022-10-17T02:39:00.000+01:00,undefined,undefined,Application,false,undefined,Other
APPrende,2022-10-17T02:39:00.000+01:00,APPrende is a learn to earn platform that empowers individuals to begin their blockchain journey.,undefined,Application,false,undefined,Other
Are.Na,2022-10-17T02:39:00.000+01:00,undefined,undefined,Application,false,undefined,Other
ArtofficialIntelligence,2022-10-17T02:39:00.000+01:00,Text2Image NFT generator where you can monetize your beautiful AI creations,undefined,Application,true,undefined,Other
Ascend,2022-10-17T02:39:00.000+01:00,undefined,undefined,Application,false,undefined,Other
Bloglens,2022-10-17T02:39:00.000+01:00,"Bloglens, a Blogging Platform where creators own what they write and can monetise their writing.",undefined,Hackaton,false,HACKFS 2022,Other
Bookie Bookie,2022-08-21T02:39:00.000+01:00,An NFT marketplace powered by AI serving authors and readers.,undefined,Hackaton,false,ETHMexico2022,Other
Clipto,2022-10-17T02:39:00.000+01:00,Personalized videos from your favorite Creators,undefined,Application,false,undefined,Other
Defi Farms,2022-10-27T16:20:00.000+01:00,Gamified staking game throught Lens,undefined,Hackaton,false,EasyA2022,Other
Dispatch ,2022-10-17T02:39:00.000+01:00,On-chain messaging and analytics for web3 projects.,undefined,Application,false,undefined,Other
Flourish,2022-10-17T02:39:00.000+01:00,Flourish is a @LensProtocol interface that helps people meeting IRL exchange their Lens profiles effortlessly.,undefined,Hackaton,false,ETHNEWYORK 2022,Other
Gliss,2022-10-17T02:39:00.000+01:00,undefined,undefined,Application,false,undefined,Other
Groumit,2022-10-17T02:39:00.000+01:00,"Una plataforma que conecta creadores de contenido con marcas para hacer marketing de influencers. Permite realizar interacciones p2p mediante un smart contract, basÃ¡ndose en Lens protocol para automatizar procesos y permitir estrategias con mejor escalabilidad.",undefined,Hackaton,false,BearBuilders0922,Other
guild.xyz,undefined,Managed Lens discord roles,undefined,Integration,true,undefined,Other
Harfang,2022-10-17T02:39:00.000+01:00,Postal NFT creator and marketplace,undefined,Application,false,undefined,Other
Hashchat,2022-10-17T02:39:00.000+01:00,We provide end-to-end encryption to keep your messages safe. You deserve to be in control of your data.,undefined,Application,true,undefined,Other
Hedwig,2022-10-17T02:39:00.000+01:00,quantum resistant on chain key exchange algorithm,undefined,Hackaton,false,ETHBerlin2022,Other
Heptagon,2022-08-21T02:39:00.000+01:00,It is a decentralized music streaming service through NFT's and IPFS data,undefined,Hackaton,false,ETHMexico2022,Other
Heystacks,2022-10-17T02:39:00.000+01:00,undefined,undefined,Application,false,undefined,Other
Huddle01,2022-10-17T02:39:00.000+01:00,"One-click Meetings. Login with Web3, create token-gated spaces, use NFT avatars and decentralized storage.",undefined,Application,true,undefined,Other
Infinity Keys ,2022-10-17T02:39:00.000+01:00,Infinity Keys is a no-code creator tools platform for brands and fans to build engaging metaverse treasure hunt experiences.,undefined,Application,true,undefined,Other
Interface Social,2022-10-17T02:39:00.000+01:00,Social mobile app with human readable web3 feed.,undefined,Application,true,undefined,Other
Kontour,2022-08-21T02:39:00.000+01:00,undefined,undefined,Hackaton,false,DAOHacks2022,Other
Lens Booster,2022-10-17T02:39:00.000+01:00,Lens Booster is an engage to earn protocol,undefined,Hackaton,false,ETHAMSTERDAM,Other
Lens manager,2022-08-21T02:39:00.000+01:00,undefined,undefined,Hackaton,false,ETHMexico2022,Other
Lens Mandala,2022-10-17T02:39:00.000+01:00,Gradual growth of flowers based on NFT and Lens information can make it easier to see how the community is thriving and how people are connected,undefined,Hackaton,false,LFGROW,Other
Lens Pocket,2022-10-17T02:39:00.000+01:00,Your Lens Profile on iOS in a glance,undefined,Hackaton,false,ETHBerlin2022,Other
lens-it,2022-10-17T02:39:00.000+01:00,App that lets you make private publications on Lens Protocol.,undefined,Hackaton,false,HACKFS 2022,Other
Lensblog,2022-10-17T02:39:00.000+01:00,Mind Tales is a Blogging platform build on top of the Lens protocol. We used GraphQl API provided by Lens Protcol to build Mind Tales.,undefined,Hackaton,false,HACKFS 2022,Other
LensBook,2022-10-17T02:39:00.000+01:00,"Book club in a book as NFTs powered by Lens, Lit, and Polygon ğŸ“š â›“",undefined,Hackaton,false,LFGROW,Other
lenscan,2022-10-17T02:39:00.000+01:00,An etherscan for lens & a LIT DAO toolkit. The toolkit allows encrypted data sharing between DApp and DAO,undefined,Hackaton,false,LFGROW,Other
LensEncrypted Messaging,2022-10-17T02:39:00.000+01:00,A tool to encrypt and send message,undefined,Bot,false,undefined,Other
Lensgame,2022-10-17T02:39:00.000+01:00,A decentralised game and in-game item marketplace built on Lensprotocol.,undefined,Hackaton,false,HACKFS 2022,Other
LensLibrary,2022-08-21T02:39:00.000+01:00,"A scientific hub for share your ideas, write your opinion, own your content and be rewarded for your contribution",undefined,Hackaton,false,ETHMexico2022,Other
Lensmo,2022-10-17T02:39:00.000+01:00,"Send NFTs/tokens to any social account, no wallet required",undefined,Application,false,ETHOnline2022,Other
Lenspub,2022-10-17T02:39:00.000+01:00,Fast publishing on Lens with Lenspub's wallet activity analyser.,undefined,Hackaton,false,ETHOnline2022,Other
Mad.Finance,2022-10-17T02:39:00.000+01:00,"Thge ad protocol for web3, paying content creators in real-time ",undefined,Application,true,undefined,Other
MaisonDAO,2022-10-17T02:39:00.000+01:00,undefined,undefined,Application,false,undefined,Other
MetaLens,2022-10-17T02:39:00.000+01:00,Explore exiting content in Lens Protocol Metaverse using MetaLens,undefined,Hackaton,false,LFGROW,Other
Mixdown,2022-08-21T02:39:00.000+01:00,"A dapp for creating collaborative audio on top of Lens Protocol. Fork, remix, add, collect, and collaborate.",undefined,Hackaton,false,ETHMexico2022,Other
Off-chain,2022-10-17T02:39:00.000+01:00,Off-chan spending application with social sharing features,undefined,Hackaton,false,ETHBogota2022,Other
OpenSea,2022-10-17T02:39:00.000+01:00,undefined,undefined,Partner,true,undefined,Other
PhiLand,2022-10-17T02:39:00.000+01:00,Unlock Lens challenges to build your web3 cities from your wallet activities. ,undefined,Application,true,undefined,Other
RallyFM,2022-10-17T02:39:00.000+01:00,Rally is an open-source alternative to Twitter Space and Clubhouse. Just connect your wallet and pick a room to drop-in and listen what's up.,undefined,Application,true,undefined,Other
Regenerative Lens,2022-10-17T02:39:00.000+01:00,Enable Lens Protocol to create a social network with positive climate impact and gamified system,undefined,Hackaton,false,LFGROW,Other
Roci.fi,undefined,On-chain credit scoring for under-collateralized retail loans.,undefined,Application,true,undefined,Other
Saturn,2022-10-17T02:39:00.000+01:00,undefined,undefined,Application,false,undefined,Other
SendACoin,2022-10-28T09:04:00.000+01:00,Visit the handle page for your profile. Look at your profile's appearance.,undefined,Application,true,undefined,Other
Serif,2022-10-17T02:39:00.000+01:00,undefined,undefined,Application,false,undefined,Other
SocialLens,2022-08-21T02:39:00.000+01:00,"An immersive VR social app in which people can share, experience, discover and collect any NFT contents to their own wallet.",undefined,Hackaton,false,ETHMexico2022,Other
SocialNouns,2022-10-17T02:39:00.000+01:00,Social Nouns NFT Collection,undefined,NFT,true,undefined,Other
Soclly,2022-10-17T02:39:00.000+01:00,Shape your Web3 dreams into reality by interacting with Web3 Gurus,undefined,Application,false,undefined,Other
TATER POT,2022-10-17T02:39:00.000+01:00,A lottery game of hot potato & uncomfortable truths addressing bias + privacy,undefined,Hackaton,false,ETHBerlin2022,Other
ToucanFrens,2022-10-17T02:39:00.000+01:00,Show gratitude for social media content with CO2 retirement,undefined,Hackaton,false,ETHBerlin2022,Other
Troop.Finance,2022-10-17T02:39:00.000+01:00,Invest better together,undefined,Integration,true,undefined,Other
Wav3s,2022-10-28T09:04:00.000+01:00,Reward users sharing your publications,undefined,Application,true,undefined,Other
WhisperChain,undefined,Whisper Chain is a fun social experiment. This is our take on the famous game of Chinese whispers or telephone,undefined,Hackaton,false,ETHIndia2022,Other
Whistleblower - Wikileaks,2022-10-17T02:39:00.000+01:00,"Whistleblower allows anyone from all over the world to post data, ideas, thoughts, and documents, privately and securely forever using Lens Protocol",undefined,Hackaton,false,ETHBerlin2022,Other
Zerion,2022-10-17T02:39:00.000+01:00,Allows for transactions with lens handles,undefined,Partner,true,undefined,Other
zkGraph,2022-10-17T02:39:00.000+01:00,"StarkNet and Lens Protocol compatible smart contracts-based social graph, fully composable and user-owned",undefined,Application,false,undefined,Other
Awesome Lens Protocol,2022-10-17T02:39:00.000+01:00,"A curated list of awesome Lens Protocol projects, resources, libraries, tools and more.",undefined,Resource,true,undefined,Resource ğŸ“–
BrandKit,2022-10-17T02:39:00.000+01:00,Branding assets,undefined,Resource,true,undefined,Resource ğŸ“–
Build Web3 Experiences with Lens Protocol,undefined,Build Web3 Experiences with Lens Protocol,undefined,Resource,true,undefined,Resource ğŸ“–
Building a Full Stack Social Mobile App,undefined,"Building a Full Stack Social Mobile App in 15 minutes with Expo, React Native, and Lens Protocol",undefined,Resource,true,undefined,Resource ğŸ“–
Building A New Social Network,2022-10-23T17:54:00.000+01:00,Building A New Social Network with web3,undefined,Resource,true,undefined,Resource ğŸ“–
Chris Dixon and Naval Ravikant â€” The Wonders of Web3,undefined,The Wonders of Web3,undefined,Resource,true,undefined,Resource ğŸ“–
Contracts,2022-10-17T02:39:00.000+01:00,Lens Protocol contracts,undefined,Resource,true,undefined,Resource ğŸ“–
Decentralizing social networks,undefined,Stani on Decentralizing social networks,undefined,Resource,true,undefined,Resource ğŸ“–
Inspiration for builders,2022-10-19T16:08:00.000+01:00,Ideas to build on Lens,undefined,Resource,true,undefined,Resource ğŸ“–
Lens Hotlink,2022-10-17T02:39:00.000+01:00,Links to Lens Protocol posts/profiles that open in the user's preferred frontend,undefined,Resource,false,undefined,Resource ğŸ“–
Lens Protocol - The ULTIMATE Guide,undefined,Build A Decentralized Web3 Social Media App!,undefined,Resource,true,undefined,Resource ğŸ“–
Lens useful link and resource,2022-10-17T02:39:00.000+01:00,Lens useful link and resource,undefined,Resource,true,undefined,Resource ğŸ“–
lens-map,2022-10-18T15:53:00.000+01:00,Lens Map Notion Repo,undefined,Resource,true,undefined,Resource ğŸ“–
Lensgarden,undefined,Lens ecosystem landing map,undefined,Resource,true,undefined,Resource ğŸ“–
Lensverse Ideas,2022-10-19T16:08:00.000+01:00,Ideas to build on Lens,undefined,Resource,true,undefined,Resource ğŸ“–
Nader Video Tutorial,2022-10-17T02:39:00.000+01:00,"Building a Social Media App with Lens Protocol, Next.js, and GraphQL.",undefined,Resource,false,undefined,Resource ğŸ“–
Optimistic UX,undefined,"The endgame for solving blockchain UX means abstracting all base layers that orchestrate the backend and have only great applications on top, that just works.",undefined,Resource,true,undefined,Resource ğŸ“–
Sahil Lavingia â€” From Web 2.1 to Web 3,undefined,Sahil Lavingia â€” From Web 2.1 to Web 3,undefined,Resource,true,undefined,Resource ğŸ“–
The Future of Decentralized Social,undefined,The Future of Decentralized Social,undefined,Resource,true,undefined,Resource ğŸ“–
Web3 Social Front-ends: A glimpse into the future,undefined,There are already 8 front-end applications created on top of Lens Protocol. All of them are still in beta and early stages of development but are growing fast driven by visionary entrepreneurs and developers.,undefined,Resource,true,undefined,Resource ğŸ“–
Web3 Social Hub by Fei,2022-10-17T22:38:00.000+01:00,Web3 Social notion doc,undefined,Resource,true,undefined,Resource ğŸ“–
Web3 Social Media,undefined,Bradley on Web3 Social Media,undefined,Resource,true,undefined,Resource ğŸ“–